User: administrator,False,
User: ccoho,False,
User: algcan,True,
User: algusa,True,
User: akhvan,True,
User: administrator,False,
User: ccoho,False,
User: algcan,True,
User: algusa,True,
User: akhvan,True,
User: administrator,False,
User: ccoho,False,
User: algcan,True,
User: algusa,True,
User: akhvan,True,
User: administrator,False,
User: ccoho,False,
User: algcan,True,
User: algusa,True,
User: akhvan,True,
User: administrator,False,
User: ccoho,False,
User: algcan,True,
User: algusa,True,
User: akhvan,True,
User: administrator,False,
User: ccoho,False,
User: algcan,True,
User: algusa,True,
User: akhvan,True,
User: algcan,True,
User: algusa,True,
User: akhvan,True,
User: algcan,True,
User: algusa,True,
User: akhvan,True,
User: algcan,True,
User: algusa,True,
User: akhvan,True,
User: algcan,True,
User: algusa,True,
User: akhvan,True,
User: algusa,True,
User: algcan,True,
User: algusa,True,
User: algcan,True,
User: algusa,True,
User: algcan,True,
User: algusa,True,
User: akhvan,True,
User: algcan,True,
User: algusa,True,
User: akhvan,True,
